{"cameraMode":{"drawMode":0,"name":"Shaded","section":"Shading Mode"},"sceneLighting":true,"audioPlay":false,"sceneViewState":{"showFog":true,"showMaterialUpdate":false,"showSkybox":true,"showFlares":true,"showImageEffects":true,"showParticleSystems":true},"in2DMode":false,"pivot":{"x":-154.31549072265626,"y":26.703765869140626,"z":-47.321170806884769},"rotation":{"x":-0.1191958636045456,"y":-0.6575573682785034,"z":0.10645350068807602,"w":-0.7362624406814575},"size":80.17481994628906,"orthographic":true}